id,title,description,availability,condition,price,link,image_link,brand,quantity_to_sell_on_facebook
americaniron,American Iron,American Iron คือเคลือบเทคโนโลยี Polysilazane ประสิทธิภาพสูงสำหรับปกป้องและฟื้นฟูชิ้นส่วนเครื่องยนต์และโครเมียม ทนความร้อนถึง 400°C ผิว Hydrophobic คราบเกาะยาก ทำความสะอาดง่าย ใช้ได้ทุกชิ้นภายนอกยกเว้นสีรถและเบรก,in stock,new,1390.00 THB,https://www.lucernapro.com/americaniron,https://www.lucernapro.com/img/feed/americaniron.jpg,LucernaPro,100
anchor,Lucerna Anchor,"Lucerna Anchor กาวเรซิน 2 ส่วนผสม เนื้อครีมข้นมีทราย ติดผิวเงาที่กาวทั่วไปจับไม่อยู่ กระเบื้อง กระจก หิน โลหะ คอนกรีต ติดของบนกระเบื้องไม่ต้องเจาะ ซ่อมกระเบื้องร่อน ติดหินในบ่อและน้ำตก อุดช่องว่างพร้อมติด กันน้ำในตัว ใช้กลางแจ้งได้ 250 g 350 · 1 กก. 590 | ขนาดและราคา: 250 g 350.- · 1 กก. 590.- · 5 กก. 1,990.-",in stock,new,350.00 THB,https://www.lucernapro.com/anchor,https://www.lucernapro.com/img/feed/anchor.jpg,LucernaPro,100
aquashell,AquaShell 709 กันซึมใสสำหรับผนัง,"AquaShell 709 — เคลือบใสกันซึมระบบ Waterbase สำหรับผนังปูน ผนังอิฐ อิฐบล็อก ทั้งภายในและภายนอก ทาทับสีเดิมได้ไม่ต้องลอก น้ำไม่เกาะผิว ผนังสะอาดง่ายขึ้น ใช้เป็นรองพื้นก่อนทาสีจริงก็ได้ 1 กก. 470 บาท ปรึกษาหน้างานฟรีทางแชทเพจ | ขนาดและราคา: 1 กก. 470.- · 5 กก. 1,670.-",in stock,new,470.00 THB,https://www.lucernapro.com/aquashell,https://www.lucernapro.com/img/feed/aquashell.jpg,LucernaPro,100
bioshield,Lucerna BioShield,Lucerna BioShield น้ำยากำจัดเชื้อรา ตะไคร่ และไลเคนบนผนัง คอนกรีต ปูนฉาบ หิน กระเบื้อง — ออกฤทธิ์กับจุลินทรีย์โดยตรง ไม่ใช่แค่ฟอกสีคราบ กำจัดแล้วช่วยป้องกันการกลับมาในขวดเดียว พร้อมใช้ทันที ทา กลิ้ง หรือพ่นได้ ปรึกษาฟรีทางแชทเพจ | ขนาดและราคา: 1 kg 160.- · 5 kg 399.-,in stock,new,160.00 THB,https://www.lucernapro.com/bioshield,https://www.lucernapro.com/img/feed/bioshield.jpg,LucernaPro,100
blast,Blast สเปรย์ทำความสะอาด,Blast คือสเปรย์ทำความสะอาดพลังสูงจาก Lucerna ตัวถนัดคือคราบน้ำมันและคราบฝังแน่น แรงกับคราบแต่ไม่ทำลายพื้นผิว สูตรน้ำ กลิ่นอ่อน ไม่มีกรดเป็นส่วนผสม ใช้ได้ทั้งบ้านทั้งรถ เคมีจากยุโรป — ห้ามใช้กับเบาะหนังเทียม/ผิวเคลือบ PU,in stock,new,160.00 THB,https://www.lucernapro.com/blast,https://www.lucernapro.com/img/feed/blast.jpg,LucernaPro,100
boundgravel,BoundGravel น้ำยาทรายล้าง,"BoundGravel — น้ำยาทรายล้างสำหรับพื้นหินสไตล์ยุโรป ไม่ต้องใช้ปูน คลุกน้ำยากับหินแล้วฉาบจบขั้นตอนเดียว หนาแค่ 1 ซม. น้ำซึมผ่านได้ ไม่ขังน้ำ แกร่งกว่างานปูน เริ่มต้น 1,200 บาท ปรึกษาฟรีทางแชทเพจ | ขนาดและราคา: 2.5 kg 1,200.- · 5 kg 2,280.-",in stock,new,1200.00 THB,https://www.lucernapro.com/boundgravel,https://www.lucernapro.com/img/feed/boundgravel.jpg,LucernaPro,100
carbontilegrout,ยาแนวกันซึม Carbon,ยาแนว Carbon แบบปืนยิงหลอดคู่ A+B ผสมกันเองที่ปลายหลอด ใช้ง่ายกว่าแบบผสมเองมาก ปลอดภัยกว่า ไม่เลอะเทอะ กันซึมร่องกระเบื้อง อายุงาน 5 ปี ชุด 400ml 470 บาท ใช้ได้ ~5 ตร.ม. สีขาว ปืนยิงแยก 470 บาท | ขนาดและราคา: ยาแนว Carbon ชุดหลอดคู่ A+B 400ml 470.- · ปืนยิงหลอดคู่ (ซื้อครั้งเดียว ใช้ซ้ำได้) 470.-,in stock,new,470.00 THB,https://www.lucernapro.com/carbontilegrout,https://www.lucernapro.com/img/feed/carbontilegrout.jpg,LucernaPro,100
coreprimer,CorePrimer,"CorePrimer รองพื้นซึมลึกสำหรับสระว่ายน้ำคอนกรีต ส่วนผสมเดียว — ซึมลงเนื้อปูน ล็อกผิวร่วนเป็นฐานแน่น เชื่อมปูนกับสีกันซึม PoolArmour เป็นระบบเดียว รอ 10 นาทีแล้วทาสีทับได้ทันที จบสระในวันเดียว สำหรับสระใช้งานหนักและงานที่พลาดไม่ได้ 1 กก. 690 บาท / 5 กก. 2,690 บาท | ขนาดและราคา: 1 กก. 690.- · 5 กก. 2,690.-",in stock,new,690.00 THB,https://www.lucernapro.com/coreprimer,https://www.lucernapro.com/img/feed/coreprimer.jpg,LucernaPro,100
creterevive,CreteRevive,CreteRevive ชุดซ่อมรอยร้าวพื้นคอนกรีตแบบเทลงร่อง น้ำยา + ผง ชั่งมาให้พอดีในกล่อง ไม่ต้องตวง เนื้อไหลลงเต็มร่องเอง ยืดหยุ่นได้จึงไม่แตกซ้ำง่าย เหมาะกับรอยร้าวเป็นเส้นกว้าง 1 ซม. ขึ้นไป บนพื้นที่ไม่ทาสีทับ ใช้กลางแจ้งได้ ทนน้ำขัง ขนาด 1 กก. 390 บาท พร้อมบอกตรงๆ ว่างานหลุมบ่อห้ามใช้ตัวนี้,in stock,new,390.00 THB,https://www.lucernapro.com/creterevive,https://www.lucernapro.com/img/feed/creterevive.jpg,LucernaPro,100
crystalseal,กันซึมใส Crystal Seal,"กันซึมใส Crystal Seal รุ่นประหยัด — เคลือบใสทับกระเบื้องเดิม ทนแดด ใช้ได้ทั้งภายนอกและภายใน เม็ดกันลื่นในตัว ยืดหยุ่นสูงด้วยเทคโนโลยี ClearFlex Polymer เริ่มต้น 710 บาท ปรึกษาฟรีทางแชทเพจ | ขนาดและราคา: 1 kg 710.- · 2.5 kg 1,670.- · 5 kg 2,870.-",in stock,new,710.00 THB,https://www.lucernapro.com/crystalseal,https://www.lucernapro.com/img/feed/crystalseal.jpg,LucernaPro,100
deepseal,DeepSeal กันซึม Negative Side,"DeepSeal — กันซึม Negative Side ซ่อมน้ำซึมจากด้านในสำหรับจุดที่ออกไปแก้ข้างนอกไม่ได้ ผนังร่วมทาวน์โฮม คอนโด ห้องใต้ดิน ส่วนผสมเดียวเปิดฝาทาได้ทันที กลิ่นน้อย Low VOC ทาสีทับได้ เริ่มต้น 390 บาท ปรึกษาฟรีทางแชทเพจ | ขนาดและราคา: 0.5 kg 390.- · 1 kg 590.- · 5 kg 2,690.-",in stock,new,390.00 THB,https://www.lucernapro.com/deepseal,https://www.lucernapro.com/img/feed/deepseal.jpg,LucernaPro,100
deepstick,DeepStick ตัวโป๊วรอยต่อ Heavy Duty,"DeepStick — วัสดุโป๊วรอยต่อและรอยร้าวระดับ Heavy Duty เทคโนโลยี HydroCure Polymer ยึดเกาะได้แม้ผิวลื่น พลาสติก กระเบื้องเคลือบ ใช้งานใต้น้ำได้ ขยายตัวไม่หดตัว ขัดแต่งทำสีได้ ขนาด 350g / 2.5kg / 5kg เริ่มต้น 230 บาท | ขนาดและราคา: 350 g 230.- · 2.5 kg 660.- · 5 kg 1,020.-",in stock,new,230.00 THB,https://www.lucernapro.com/deepstick,https://www.lucernapro.com/img/feed/deepstick.jpg,LucernaPro,100
denimblack,DenimBlack สเปรย์คืนสภาพผ้าสีดำ,DenimBlack — สเปรย์ฟื้นฟูผ้าสีดำที่ซีดจางให้กลับมาเข้มเหมือนใหม่ แค่ฉีดแล้วทิ้งให้แห้ง ไม่ต้องซัก ไม่ต้องแช่ ใช้ได้ทั้งยีนส์ ผ้าฝ้าย แคนวาส แจ็กเก็ต หมวก กระเป๋า ขนาด 150ml ราคา 190 บาท,in stock,new,190.00 THB,https://www.lucernapro.com/denimblack,https://www.lucernapro.com/img/feed/denimblack.jpg,LucernaPro,100
drygard,DryGard สีทาบ้านกันซึม,"DryGard คือสีทาบ้านที่กันซึมอยู่ในเนื้อสี ฟิล์มยืดหยุ่นทนความชื้น ไม่ลอกไม่พองเหมือนสีทั่วไป กันเชื้อรา มีสารสะท้อนความร้อนในเนื้อ เปิดฝาทาได้เลยไม่ต้องผสม ไม่ต้องรองพื้น ทาทับสีเดิมได้ 1 กก. ทาได้ราว 5 ตร.ม. ครบ 2 รอบ มี 10 เฉดให้เลือก | ขนาดและราคา: 4.5 กก. 1,730.- · 18 กก. 5,390.-",in stock,new,1730.00 THB,https://www.lucernapro.com/drygard,https://www.lucernapro.com/img/feed/drygard.jpg,LucernaPro,100
easyclean,Easy Clean,"EasyClean น้ำยาเคลือบกันคราบสาย Hydrophobic ฟิล์มใสแข็ง 4H มุมสัมผัสน้ำ ≥110° น้ำและคราบน้ำมันเกาะยาก เช็ดออกง่าย กันสีสเปรย์ ทนกรดด่าง ยับยั้งแบคทีเรีย สำหรับผนังสีน้ำ สีไม้ สีอบ และโลหะ ทั้งในและนอกอาคาร วัตถุดิบนำเข้าจาก Feibo ปรึกษาฟรีทางแชทเพจ | ขนาดและราคา: 100 g 830.- · 500 g 3,590.- · 1 kg 6,600.-",in stock,new,830.00 THB,https://www.lucernapro.com/easyclean,https://www.lucernapro.com/img/feed/easyclean.jpg,LucernaPro,100
ecobind,EcoBind น้ำยาล็อคหิน,"EcoBind น้ำยาล็อคหินสูตรน้ำ ผสมน้ำแล้วเทหรือพ่นทับกรวด-หินโรยทางเดิน หินแน่นอยู่กับที่ ทนน้ำ ฉีดล้างได้ ไม่ต้องมีเครื่องมือช่าง เราขายเฉพาะน้ำยา หินหาเองได้เลย ราคาสอบถามทางแชทเพจ | ขนาดและราคา: 1 กก. 420.- · 5 กก. 1,740.- · 18 กก. 3,470.-",in stock,new,420.00 THB,https://www.lucernapro.com/ecobind,https://www.lucernapro.com/img/feed/ecobind.jpg,LucernaPro,100
epoxycoating,สีทาพื้น Epoxy / PU,"สีทาพื้น Epoxy และ PU ระบบ 2K สองส่วนผสม ผลิตเองคุมสูตรเอง สำหรับพื้นโรงงาน โรงรถ อู่ คลังสินค้า ทนแรงกด ทนการเสียดสี ทนสารเคมี ล้างง่าย ชุด 16 กก. ทาได้ประมาณ 50 ตร.ม. ครบ 2 รอบ สั่งผลิตได้ทุกสีตามชาร์จ RAL พร้อมอธิบายตรงๆ ว่าแบบทากับแบบ Self-leveling ต่างกันอย่างไร | ขนาดและราคา: Epoxy 2K 5,340.- · PU 2K 2,600.- · PU 2K 7,200.-",in stock,new,2600.00 THB,https://www.lucernapro.com/epoxycoating,https://www.lucernapro.com/img/feed/epoxycoating.jpg,LucernaPro,100
epoxygrout,ยาแนวกันซึม Epoxy TileGrout,ยาแนว Epoxy TileGrout แบบผสมเอง อัตราส่วน 1:1 กันซึมร่องกระเบื้องยาวนาน 5 ปี เชื้อรา-คราบเกาะยาก ไม่ต้องรื้อกระเบื้องใหม่ 1kg 470 บาททาได้ ~10 ตร.ม. มีสีขาว เทาอ่อน เทาเข้ม รอ 4–6 ชม. ใช้งานได้ | ขนาดและราคา: 1 kg 470.- · 2 kg 830.-,in stock,new,470.00 THB,https://www.lucernapro.com/epoxygrout,https://www.lucernapro.com/img/feed/epoxygrout.jpg,LucernaPro,100
epoxyputty,EpoxyPutty กาวโป๊วมหาอุด,EpoxyPutty กาวโป๊วสองส่วนผสม A:B = 1:1 นวดด้วยมือแล้วปั้นอุดได้เลย — ซ่อมไม้ผุ อุดท่อรั่ว โป๊วโลหะ ปั้นคืนรูปชิ้นงาน แข็งตัวเป็นหิน เจาะ ขัด ทาสีทับได้,in stock,new,230.00 THB,https://www.lucernapro.com/epoxyputty,https://www.lucernapro.com/img/feed/epoxyputty.jpg,LucernaPro,100
exotic,กันซึม Exotic,"กันซึม Exotic — Polyurea ชนิดส่วนผสมเดียว (One Component) เปิดฝากวนแล้วทาได้ทันที ไม่มีจังหวะผสมพลาด เนื้อหนืดหนาทาง่ายไม่ไหลย้อย รอยต่อร่องลึกโป๊วให้เต็มก่อนแล้วทาทับ ไม่ต้องทาหนาเกินจำเป็น ทนน้ำขังได้เป็นปี อายุงาน 10 ปี ชุด 1.2 kg ทาได้ 6 ตร.ม. ราคา 2,030 บาท",in stock,new,2030.00 THB,https://www.lucernapro.com/exotic,https://www.lucernapro.com/img/feed/exotic.jpg,LucernaPro,100
fillerace,FillerAce โป๊วรอยแตกร้าว,"FillerAce — โป๊วซ่อมรอยแตกร้าวและรอยต่อสำหรับงานภายนอกโดยเฉพาะ ทนแดดทนฝน แช่น้ำได้เป็นปี ยืดหยุ่นแต่ขัดแต่งทำสีได้ พร้อมใช้ไม่ต้องผสม แห้งพร้อมขัดใน 2 ชม. เริ่มต้น 470 บาท ปรึกษาฟรีทางแชทเพจ | ขนาดและราคา: 1 kg 470.- · 20 kg 5,880.-",in stock,new,470.00 THB,https://www.lucernapro.com/fillerace,https://www.lucernapro.com/img/feed/fillerace.jpg,LucernaPro,100
flakeset,พื้นกันลื่นพร้อมกันซึมในตัว FlakeFloor เซทราคาประหยัดพร้อมชุดอุปกรณ์,"พื้นกันลื่นพร้อมกันซึมในตัว FlakeFloor เซทราคาประหยัดพร้อมชุดอุปกรณ์ — Marine Guard 1kg + CrystalSeal 1kg + ผง Flake 1kg + ชุดอุปกรณ์ ทำเองได้ 5 ตร.ม. ราคาพิเศษ 2,580 บาท ทำทับกระเบื้องห้องน้ำเดิมได้ ไม่ต้องรื้อ | ขนาดและราคา: Marine Guard 1.- · ผง Flake 1.- · CrystalSeal 1.- · ชุดอุปกรณ์ 1.-",in stock,new,1.00 THB,https://www.lucernapro.com/flakeset,https://www.lucernapro.com/img/feed/flakeset.jpg,LucernaPro,100
flexgrip,กาวบ้าพลัง FlexGrip,FlexGrip กาวบ้าพลัง — กาวซ่อมรองเท้าที่ทดแทนการเย็บได้ ยืดหยุ่นตามการงอของพื้นรองเท้า แช่น้ำถาวรได้ ติดใต้น้ำยังได้ ติดได้แทบทุกพื้นผิว ไม่ต้องขัดผิวก่อน หลอด 200 กรัม 230 บาท แบบซองเริ่ม 50 บาท | ขนาดและราคา: ขวด 200 กรัม 230.- · ซอง 20 มล. 50.-,in stock,new,50.00 THB,https://www.lucernapro.com/flexgrip,https://www.lucernapro.com/img/feed/flexgrip.jpg,LucernaPro,100
ghostshield,GhostShield,"GhostShield เคลือบใสระบบสองส่วนผสม 2:1 ให้ผิวเงาลึกเหมือนกระจก ขับลายไม้และลายปูนขัดมันโดยไม่บดบัง ผิวแข็ง เช็ดล้างง่าย ไม่อมฝุ่น ขนาด 1 กก. 660 บาท ถึง 5 กก. 2,030 บาท ทาได้ราว 5 ตร.ม. ต่อกิโลกรัม — และเราบอกตรงๆ ว่ามันเหลืองตัวเมื่อโดนแดด จึงเป็นของสำหรับงานภายในเท่านั้น | ขนาดและราคา: 1 กก. 660.- · 2.5 กก. 1,190.- · 5 กก. 2,030.-",in stock,new,660.00 THB,https://www.lucernapro.com/ghostshield,https://www.lucernapro.com/img/feed/ghostshield.jpg,LucernaPro,100
glasscoating,Glass Coating,"Glass Coating น้ำยาเคลือบกระจกอาคาร Self-Cleaning ฟิล์ม Superhydrophilic น้ำแผ่เป็นแผ่นไม่เกาะหยด พาฝุ่นไหลลงตามน้ำฝน ใสจริงแสงผ่าน 92.7% แข็ง 6H สำหรับ Curtain Wall หลังคากระจก กระจกอาคารสูง — วัตถุดิบนำเข้าจาก Feibo ปรึกษาฟรีทางแชทเพจ | ขนาดและราคา: 100 g 830.- · 500 g 3,590.- · 1 kg 6,600.-",in stock,new,830.00 THB,https://www.lucernapro.com/glasscoating,https://www.lucernapro.com/img/feed/glasscoating.jpg,LucernaPro,100
heatshield,HeatShield กันซึม + ลดความร้อน,"HeatShield กันซึมพร้อมลดความร้อน สูตรน้ำ (waterbase) เนื้อฟิล์มอัดเม็ดเซรามิกกลวง สะท้อนคลื่นแดดกลับออกไป ค่า TSR เกิน 95% ทดสอบโดยสำนักวิจัย มจธ. ลดอุณหภูมิผิวหลังคาได้ 5°C ขึ้นไป กันซึมและลดร้อนจบในรอบเดียว ทาหนา 0.6 กก. ต่อ ตร.ม. เมื่อครบ 2 รอบ ทาได้ทั้งเมทัลชีท กระเบื้อง คอนกรีต กลิ่นไม่ฉุน VOC ต่ำกว่า 10 g/L เริ่มต้น 1,780 บาท | ขนาดและราคา: 4.5 kg 1,780.- · 18 kg 4,320.-",in stock,new,1780.00 THB,https://www.lucernapro.com/heatshield,https://www.lucernapro.com/img/feed/heatshield.jpg,LucernaPro,100
ironlock,IronLock,"IronLock สีกันสนิมสูตรน้ำ กลิ่นไม่ฉุน ล้างเครื่องมือด้วยน้ำ ยึดเกาะผิวโลหะที่สีทั่วไปเอาไม่อยู่ ทั้งสังกะสี เหล็กชุบกัลวาไนซ์ และเมทัลชีท ทาได้เลยไม่ต้องลงรองพื้น เหมาะกับรางน้ำฝนและงานโครงสร้างเหล็ก ใช้เม็ดสีกันสนิมเกรดพรีเมียมจากแบรนด์อเมริกัน มี 3 สี ขนาด 1 กก. 470 บาท และ 4.5 กก. 1,550 บาท พร้อมอธิบายตรงๆ ว่าทำไมทาทับสนิมแล้วไม่รอด และมีสนิมแล้วต้องทำยังไง | ขนาดและราคา: 1 กก. 470.- · 4.5 กก. 1,550.-",in stock,new,470.00 THB,https://www.lucernapro.com/ironlock,https://www.lucernapro.com/img/feed/ironlock.jpg,LucernaPro,100
levelpro,LevelPro,"LevelPro น้ำยาเรซินสองส่วนผสม 2:1 สำหรับซ่อมพื้นเป็นหลุมเป็นบ่อ ผสมกับทรายละเอียดทั่วไปหน้างานได้เลย น้ำยา 1 กก. ใช้ทรายได้ 1.5–2.5 กก. แข็งแรงกว่าปูนที่ความหนาเท่ากัน เดินได้ใน 4–6 ชั่วโมง ขนาด 1 กก. 950 บาท · 2.5 กก. 2,150 บาท · 5 กก. 3,480 บาท พร้อมบอกตรงๆ ว่ามันไม่ใช่ของสำหรับปูทั้งพื้น | ขนาดและราคา: 1 กก. 950.- · 2.5 กก. 2,150.- · 5 กก. 3,480.-",in stock,new,950.00 THB,https://www.lucernapro.com/levelpro,https://www.lucernapro.com/img/feed/levelpro.jpg,LucernaPro,100
marineguard,Marine Guard เคลือบปกป้อง,"Marine Guard — น้ำยาเคลือบปกป้องสองส่วนผสมสายงานหนัก เกิดจากงานทะเล เคลือบได้ทั้งเหล็ก ไม้ และปูน ผิวเงาแข็งแรงขึ้นทันตา Polymer 100% solids ระบบบ่มจาก Huntsman เกาะได้แม้ปูนหมาด ใช้เป็นรองพื้นกันชื้น (Moisture Barrier) ก่อนสีพื้นได้ เริ่มต้น 830 บาท ปรึกษาฟรีทางแชทเพจ | ขนาดและราคา: 1 kg 830.- · 2.5 kg 1,790.- · 5 kg 3,230.-",in stock,new,830.00 THB,https://www.lucernapro.com/marineguard,https://www.lucernapro.com/img/feed/marineguard.jpg,LucernaPro,100
masterseal,Master Seal หัวเชื้อกันซึม,"Master Seal คือผงหัวเชื้อกันซึมชนิด Hydrophobic จาก Switzerland ผสมลงในปูนซีเมนต์ ปูนฉาบ หรือปูนยาแนวตอนกวน แล้วปูนถุงนั้นกันน้ำได้ทั้งเนื้อ น้ำกลิ้งไม่ถูกดูดเข้ารูพรุน คราบดำและตะไคร่เกาะยากขึ้น อัตราผสมปูนซีเมนต์ 0.2–0.5% ปูนยาแนว 2% ไม่หน่วงการก่อตัว ไม่ลดกำลังอัด เริ่มต้น 230 บาท ปรึกษาหน้างานฟรีทางแชทเพจ | ขนาดและราคา: 100 กรัม 230.- · 400 กรัม 590.- · 800 กรัม 1,070.-",in stock,new,230.00 THB,https://www.lucernapro.com/masterseal,https://www.lucernapro.com/img/feed/masterseal.jpg,LucernaPro,100
metalcoating,Metal Coating,Metal Coating น้ำยาเคลือบโลหะสาย Hydrophobic ฟิล์มใสแข็ง 4H มุมสัมผัสน้ำ ≥110° ชะลอสนิม คราบน้ำกระด้างและรอยนิ้วมือเช็ดออกง่าย ทนกรดด่างและน้ำมัน เลือกผิวด้านหรือเงา กลิ่นน้อยมาก สำหรับก๊อก ฝักบัว ราวสแตนเลส ผิวนอกปืน มีด เครื่องมือ วัตถุดิบนำเข้าจาก Feibo,in stock,new,1290.00 THB,https://www.lucernapro.com/metalcoating,https://www.lucernapro.com/img/feed/metalcoating.jpg,LucernaPro,100
modernfiberglass,Modern Fiberglass ชุดซ่อมไฟเบอร์กลาส,Modern Fiberglass — ชุดซ่อมไฟเบอร์กลาส น้ำยา Advanced Polymer ส่วนผสมเดียว + ผ้าใยแก้ว Woven ไม่ต้องผสมฮาร์ดเดนเนอร์ ไร้กลิ่น ยึดเกาะพลาสติก ไฟเบอร์ คอนกรีต กระเบื้องเคลือบ เหนียวยืดหยุ่นไม่เปราะแตก เริ่มต้น 490 บาท | ขนาดและราคา: Starter 0.5 kg 490.- · Standard 1 kg 790.-,in stock,new,490.00 THB,https://www.lucernapro.com/modernfiberglass,https://www.lucernapro.com/img/feed/modernfiberglass.jpg,LucernaPro,100
nanoceramic,Nano Ceramic,Nano Ceramic คือเคลือบสีรถระดับมืออาชีพที่ใช้งานได้ไม่ยาก เนื้อ Nano-Silica ผสานโพลิเมอร์แรงยึดสูง เพิ่มความเงางามชัดเจน คราบน้ำเกาะยาก ติดทนไม่ต่ำกว่า 6 เดือน ขวดเดียวเคลือบได้ 1 คัน,in stock,new,490.00 THB,https://www.lucernapro.com/nanoceramic,https://www.lucernapro.com/img/feed/nanoceramic.jpg,LucernaPro,100
offshore,OffShore,"OffShore น้ำยาเคลือบไม้สูตรน้ำ ส่วนผสมเดียว เปิดฝาทาได้ทันที ไม่ต้องผสม ฟิล์มยึดเกาะสูง ยืดหยุ่น ไม่แตกไม่ลอก ไม่เหลือง คงลายไม้เดิม ไร้กลิ่นฉุน ทำในบ้านได้ 1 กก. 390 บาท ทาได้ราว 5 ตร.ม. ครบ 2 รอบ — และเราบอกตรงๆ ว่าเนื้อ PUD ชนิด aliphatic ใช้ได้ทั้งในและนอกอาคาร ไม่เหลืองแม้โดนแดด ยิ่งทาหนายิ่งทน ฟิล์มผ่านทดสอบแช่น้ำ 7 วัน แต่ไม่แนะนำงานใต้น้ำเพราะไม้บวม | ขนาดและราคา: 1 กก. 390.- · 2.5 กก. 890.- · 5 กก. 1,490.-",in stock,new,390.00 THB,https://www.lucernapro.com/offshore,https://www.lucernapro.com/img/feed/offshore.jpg,LucernaPro,100
paintcoating,Paint Coating,"Paint Coating น้ำยาเคลือบผิวสี Self-Cleaning ฟิล์มใส Superhydrophilic + Anti-Static + Photocatalytic สำหรับแผงอะลูมิเนียมคอมโพสิต เมทัลชีท เหล็กพ่นสี ป้ายและหลังคาปั๊ม ตัวถังรถไฟ-รถบัส — ฝนล้างไม่ทิ้งคราบเป็นทาง แดดช่วยย่อยคราบน้ำมัน วัตถุดิบนำเข้าจาก Feibo ปรึกษาฟรีทางแชทเพจ | ขนาดและราคา: 100 g 830.- · 500 g 3,590.- · 1 kg 6,600.-",in stock,new,830.00 THB,https://www.lucernapro.com/paintcoating,https://www.lucernapro.com/img/feed/paintcoating.jpg,LucernaPro,100
patchpro,PatchPro,PatchPro เนื้อโป๊ว Polymer Modified สองส่วนผสม ผสม 1:1 ออกแบบมาเพื่อซ่อมรอยแตกร้าวของพื้นปูนโดยเฉพาะ ใช้ก่อนทาสีพื้นหรือลงกันซึม โดยเฉพาะงานดาดฟ้า แข็งแรงสูง ซ่อมแล้วไม่ร้าวซ้ำง่ายๆ ขนาด 1 กก. 360 บาท · 2 กก. 520 บาท พร้อมบอกตรงๆ ว่ามันแข็ง ไม่ยืดหยุ่น และขัดแต่งยากมาก | ขนาดและราคา: 1 กก. 360.- · 2 กก. 520.-,in stock,new,360.00 THB,https://www.lucernapro.com/patchpro,https://www.lucernapro.com/img/feed/patchpro.jpg,LucernaPro,100
plastibright,PlastiBright คืนพลาสติกซีด,PlastiBright — น้ำยาคืนสภาพพลาสติกภายนอกรถ ระบบเซรามิค Silicon Dioxide ซึมลึกตกผลึกในเนื้อพลาสติก ไม่ใช่ซิลิโคนเคลือบเงาชั่วคราว ทนน้ำ อยู่นาน 3–6 เดือน ขวด 30ml ทาได้ทั้งคัน ราคา 230 บาท,in stock,new,230.00 THB,https://www.lucernapro.com/plastibright,https://www.lucernapro.com/img/feed/plastibright.jpg,LucernaPro,100
pmma,PMMA กันซึมและซ่อมพื้น,"PMMA กันซึมและซ่อมพื้นระดับ Heavy Duty — ฟิล์มไร้รอยต่อจากเคมี MMA แข็งแรงระดับกันซึมสะพานคอนกรีตที่รถวิ่งได้ เข้าใช้พื้นที่ได้ในราว 30 นาที อายุงานไม่ต่ำกว่า 15 ปี ระบบสองส่วนผสม น้ำยา 100 ต่อผง hardener 2% เริ่มต้น 1,070 บาท มีราคาพิเศษสำหรับผู้รับเหมา ปรึกษาหน้างานฟรีทางแชทเพจ | ขนาดและราคา: 1 kg 1,070.- · 5 kg 3,590.- · 15 kg 7,800.-",in stock,new,1070.00 THB,https://www.lucernapro.com/pmma,https://www.lucernapro.com/img/feed/pmma.jpg,LucernaPro,100
polyaspartic,กันซึมใส Polyaspartic,กันซึมใส Polyaspartic สำหรับห้องน้ำกระเบื้องที่ยังสภาพดี — เคลือบทับกระเบื้องเดิมโดยไม่เปลี่ยนลาย กันซึมพร้อมเม็ดกันลื่นในตัว ผสมง่าย 1:1 ทำเองได้ จบงานใน 3–4 ชั่วโมง ปรึกษาฟรีทางแชทเพจ,in stock,new,1910.00 THB,https://www.lucernapro.com/polyaspartic,https://www.lucernapro.com/img/feed/polyaspartic.jpg,LucernaPro,100
polyasparticadhesive,Polyaspartic Adhesive,Polyaspartic Adhesive กาวสองส่วนผสมหลอดคู่ ผลิต 2 แบบให้เลือก แบบผสม 1:1 ล็อกใน 1 นาที และแบบผสม 2:1 ที่มีเวลา 3 นาที (แนะนำแบบ 3 นาที) แข็งตัวเต็มที่ใน 4 ชั่วโมง แบ่งผสมทีละน้อยได้ไม่ต้องใช้หมดหลอด กลิ่นน้อยทำงานในอาคารได้ ใช้ภายนอกได้ด้วยเคมี Polyaspartic หลอด 50 ml ราคา 230 บาท ค่าส่ง 40 บาท ไม่จำกัดจำนวน | ขนาดและราคา: Rapid Cure · อัตราส่วน 1 : 1 230.- · Extended · อัตราส่วน A2 : B1 — แนะนำ 230.-,in stock,new,230.00 THB,https://www.lucernapro.com/polyasparticadhesive,https://www.lucernapro.com/img/feed/polyasparticadhesive.jpg,LucernaPro,100
polypro,PolyPro Polyurea Gen3,"PolyPro — กันซึม Polyaspartic มีสี เกรดสระว่ายน้ำ ทาทับกระเบื้องและคอนกรีตได้ ทน UV ไม่เหลือง แช่น้ำถาวร ฟิล์มหนาระดับ 500 ไมครอน กันซึม negative ตัวท็อปของ LucernaPro ปรึกษาฟรีทางแชทเพจ | ขนาดและราคา: 1 kg 1,910.- · 6 kg 10,680.-",in stock,new,1910.00 THB,https://www.lucernapro.com/polypro,https://www.lucernapro.com/img/feed/polypro.jpg,LucernaPro,100
polyurea,Polyurea Standard,"กันซึม Polyurea Standard — Polyurea แท้แบบทาด้วยลูกกลิ้ง ไม่ต้องเครื่องพ่น แช่น้ำขังได้นานนับปี ทนแดดกลางแจ้ง เกิดมาเพื่อดาดฟ้า หลังคา ระเบียง เริ่มต้น 1,190 บาท ปรึกษาฟรีทางแชทเพจ | ขนาดและราคา: 1 kg 1,190.- · 5 kg 5,390.- · 9 kg 8,700.-",in stock,new,1190.00 THB,https://www.lucernapro.com/polyurea,https://www.lucernapro.com/img/feed/polyurea.jpg,LucernaPro,100
pondmax,PondMax สีทาบ่อปลากันซึม,"PondMax — สีทาบ่อปลาพร้อมกันซึมในตัว Polymer 2 ส่วนสูตรเข้มข้นสูง solvent ต่ำมาก ระบบ Curing เกรดงาน Marine จาก Huntsman ทาบนผิวชื้นได้ ปลอดภัยต่อปลา 100% ใช้ได้ทั้งบ่อปูนและบ่อกระเบื้อง มีสีเทา น้ำเงิน ดำ เริ่มต้น 950 บาท | ขนาดและราคา: 1 kg 950.- · 2.5 kg 2,150.- · 5 kg 4,070.-",in stock,new,950.00 THB,https://www.lucernapro.com/pondmax,https://www.lucernapro.com/img/feed/pondmax.jpg,LucernaPro,100
poolarmour,PoolArmour สีทาสระว่ายน้ำกันซึม,"PoolArmour — สีทาสระว่ายน้ำพร้อมกันซึมในตัว ส่วนผสมเดียว สูตรน้ำ เปิดฝาแล้วทาได้เลย ไม่ต้องผสม หมดปัญหาสีไม่แห้งเพราะผสมผิด ทนคลอรีน ทน UV มีสีขาว ฟ้า เทา เริ่มต้น 470 บาท ปรึกษาฟรีทางแชทเพจ | ขนาดและราคา: 1 kg 470.- · 5 kg 1,910.- · 18 kg 5,890.-",in stock,new,470.00 THB,https://www.lucernapro.com/poolarmour,https://www.lucernapro.com/img/feed/poolarmour.jpg,LucernaPro,100
prolatex,ProLatex กาวอเนกประสงค์สูตรน้ำ,"ProLatex กาวอเนกประสงค์สูตรน้ำ ใช้ทดแทนกาวลาเท็กซ์และกาวไม้ทั่วไป จุดต่างคือใช้งานกลางแจ้งได้จริง โดนฝนตรงๆ ได้ (ไม่เหมาะกับงานแช่น้ำถาวร) ใช้ปริมาณเล็กน้อยก็ยึดแน่น ส่วนผสมเดียวเปิดฝาใช้ได้เลย ล้างอุปกรณ์ด้วยน้ำเปล่า ติดได้ทั้งไม้ กระดาษ ผ้า หนัง โฟม PVC พลาสติก ปูน อิฐ กระเบื้อง เริ่มต้น 110 บาท มีราคาช่างและร้านค้า | ขนาดและราคา: 200 กรัม 110.- · 1 กก. 420.- · 5 กก. 1,430.-",in stock,new,110.00 THB,https://www.lucernapro.com/prolatex,https://www.lucernapro.com/img/feed/prolatex.jpg,LucernaPro,100
purebreeze,Pure Breeze,"PureBreeze น้ำยาเคลือบใสระดับนาโนสำหรับแผงฟินคอยล์เย็นและคอยล์ร้อนของเครื่องปรับอากาศ ฟิล์มบางใสทำให้ฝุ่นเกาะสะสมยากขึ้น ลมผ่านฟินได้เต็มที่ ยืดรอบล้างแอร์ให้ห่างขึ้น น้ำยาสำหรับบรรจุเครื่องพ่น พ่นแรงดันต่ำ สำหรับบ้าน ร้านล้างแอร์ โรงแรม ออฟฟิศ | ขนาดและราคา: 100 g 690.- · 500 g 2,990.- · 1 kg 5,500.-",in stock,new,690.00 THB,https://www.lucernapro.com/purebreeze,https://www.lucernapro.com/img/feed/purebreeze.jpg,LucernaPro,100
revival,Revival น้ำยาแปลงสนิม,"Revival คือน้ำยาแปลงสนิมสูตรน้ำที่เข้าไปทำปฏิกิริยากับสนิมโดยตรง เปลี่ยนสนิมที่ยังลามได้ให้กลายเป็นฟิล์มสีเข้มที่เสถียร แห้งแล้วเป็นรองพื้นในตัว ทาสีจริงทับได้ทันที เกิดมาเพื่อเหล็กโครงสร้างและงานพื้นที่เยอะที่การขัดสนิมออกทั้งหมดคือฝันร้าย | ขนาดและราคา: 500 กรัม 470.- · 1 กก. 710.- · 5 กก. 1,910.- · 15 กก. 5,800.-",in stock,new,470.00 THB,https://www.lucernapro.com/revival,https://www.lucernapro.com/img/feed/revival.jpg,LucernaPro,100
schutzfirearm,SchutzFirearm เคลือบอาวุธปืน,SchutzFirearm — น้ำยาเคลือบอาวุธปืน ฟิล์มเซรามิกบางระดับไมครอน กันสนิม กันน้ำ ผิวด้านไม่เยิ้ม ทาแล้วเช็ดออก เคลือบเสร็จไม่ต้องชโลมน้ำมันผิวนอกอีก ทนถึง 400°C หลังเซ็ตตัวเต็มที่ ปรึกษาฟรีทางแชทเพจ,in stock,new,710.00 THB,https://www.lucernapro.com/schutzfirearm,https://www.lucernapro.com/img/feed/schutzfirearm.jpg,LucernaPro,100
schutznano9h,Schutz Nano 9H,Schutz Nano 9H คือเคลือบแก้ว Polysilazane ประสิทธิภาพสูง ผิวแข็งระดับ 9H ทนเคมี ทน UV ทนขัดถู ทนความร้อนถึง 400°C ผิว Hydrophobic น้ำไม่เกาะ สำหรับช่างเคลือบมืออาชีพโดยเฉพาะ,in stock,new,1190.00 THB,https://www.lucernapro.com/schutznano9h,https://www.lucernapro.com/img/feed/schutznano9h.jpg,LucernaPro,100
siliconepro,SiliconePro กันซึมซิลิโคนสูตรน้ำ,"SiliconePro — กันซึมซิลิโคนสูตรน้ำ ส่วนผสมเดียว เปิดฝาแล้วทาได้เลย ไม่ต้องผสม เนื้อหนาแน่นทนน้ำขัง อายุงาน 5 ปี ทาเปลือย หรือ 8–10 ปีเมื่อเสริมผ้าไฟเบอร์กลาส เริ่มต้น 540 บาท ปรึกษาฟรีทางแชทเพจ | ขนาดและราคา: 1 kg 540.- · 2.5 kg 1,080.- · 5 kg 1,920.-",in stock,new,540.00 THB,https://www.lucernapro.com/siliconepro,https://www.lucernapro.com/img/feed/siliconepro.jpg,LucernaPro,100
solarpaneldefender,Solar Panel Defender เคลือบนาโนกันฝุ่นเกาะแผงโซลาร์,"Solar Panel Defender — เคลือบนาโน Super-Hydrophilic ป้องกันฝุ่นเกาะแผงโซลาร์เซลล์ โดนฝนหรือลมก็หลุดล้างตัวเองได้ง่าย ลดรอบล้างแผงชัดเจน เพิ่มอัตราส่งผ่านแสงเฉลี่ย 2.5–4.4% จากผลทดสอบจริง ทนได้ราว 5 ปี เริ่มต้น 830 บาท ปรึกษาฟรีทางแชทเพจ | ขนาดและราคา: 100 g 830.- · 500 g 3,590.- · 1 kg 6,600.-",in stock,new,830.00 THB,https://www.lucernapro.com/solarpaneldefender,https://www.lucernapro.com/img/feed/solarpaneldefender.jpg,LucernaPro,100
solidfloor,Solid Floor,"Solid Floor ซีเมนต์โพลิเมอร์สำหรับซ่อมผิวหน้าคอนกรีตที่เสื่อมสภาพ ฉาบบางได้ตั้งแต่ 1 ถึง 5 มม. โดยไม่ร่อน ผิวที่ได้แข็ง ไม่เป็นฝุ่น ยึดเกาะได้ทั้งพื้นแห้งและพื้นที่มีความชื้น ไม่มีกลิ่น มี 6 เฉดสีให้เลือก ชุด 24.5 กก. 3,480 บาท ฉาบบาง 1 มม. ได้ราว 15 ตร.ม. — และเราบอกตรงๆ ว่ามันฉาบยาก",in stock,new,3480.00 THB,https://www.lucernapro.com/solidfloor,https://www.lucernapro.com/img/feed/solidfloor.jpg,LucernaPro,100
spackleflex,SpackleFlex เคมีโป๊วซ่อมรอยต่อหลังคา,"SpackleFlex — เคมีโป๊วซ่อมรอยต่อหลังคาและหัวน็อตชนิดยืดหยุ่น พร้อมใช้ไม่ต้องผสม ทนกลางแจ้งกว่าซิลิโคนทั่วไป ผ่านทดสอบแช่น้ำต่อเนื่องหลายเดือน UV Stabilization ในตัว เริ่มต้น 180 บาท ปรึกษาฟรีทางแชทเพจ | ขนาดและราคา: 350 g 180.- · 1 kg 470.- · 20 kg 5,880.-",in stock,new,180.00 THB,https://www.lucernapro.com/spackleflex,https://www.lucernapro.com/img/feed/spackleflex.jpg,LucernaPro,100
stonesurface,Stone Coating,"Stone Coating ระบบเคลือบหินและคอนกรีต Self-Cleaning 2 ชั้น — รองพื้นซิลิโคนซึมลึกกันน้ำ กันรา กันคราบขาว + เคลือบผิว Superhydrophilic/Photocatalytic ให้ฝนล้าง สำหรับหินแกรนิต หินอ่อน GRC คอนกรีต ราวหิน รูปปั้น ใสไม่เปลี่ยนสีหิน วัตถุดิบนำเข้าจาก Feibo ปรึกษาฟรีทางแชทเพจ | ขนาดและราคา: 100 g 830.- · 500 g 3,590.- · 1 kg 6,600.-",in stock,new,830.00 THB,https://www.lucernapro.com/stonesurface,https://www.lucernapro.com/img/feed/stonesurface.jpg,LucernaPro,100
submarine,Submarine กาวติดกระเบื้องใต้น้ำ,"Submarine — กาวติดกระเบื้องใต้น้ำและอุดซ่อมรอยรั่วสระว่ายน้ำโดยไม่ต้องปล่อยน้ำทิ้ง เนื้อ Polymer สองส่วนผสม เซ็ตตัวได้แม้จมน้ำภายใน 4 ชม. ทนคลอรีนและเคมีสระ ชุด 2 kg ราคา 1,190 บาท ปรึกษาฟรีทางแชทเพจ",in stock,new,1190.00 THB,https://www.lucernapro.com/submarine,https://www.lucernapro.com/img/feed/submarine.jpg,LucernaPro,100
surfaceguard,SurfaceGuard,"SurfaceGuard สีทาพื้นปูนและคอนกรีต เทคโนโลยี Polyurethane Dispersion (PUD) สูตรน้ำส่วนผสมเดียว — เปิดฝาทาได้เลย ไม่ต้องผสม กลิ่นอ่อนมาก ทำในบ้านที่มีคนอยู่ได้ ฟิล์มทนน้ำ ทนด่างปูน ทนรอยขูดขีดจากการใช้งานประจำวัน ใช้ได้ทั้งภายในและภายนอก ล้างเครื่องมือด้วยน้ำเปล่า | ขนาดและราคา: 1 กก. 690.- · 5 กก. 2,690.-",in stock,new,690.00 THB,https://www.lucernapro.com/surfaceguard,https://www.lucernapro.com/img/feed/surfaceguard.jpg,LucernaPro,100
swiftset,กาวตะปู SwiftSet,SwiftSet คือกาวตะปูสูตรน้ำรุ่นใหม่จาก Lucerna ไร้กลิ่น รักษ์สิ่งแวดล้อม ไม่ต้องใช้ปืนยิง แค่เปิดฝาแล้วปาดด้วยเกรียง สำหรับงานง่ายๆ ทั่วไป เช่น ติดบัวผนังและไม้ระแนงตกแต่งแทนการเจาะ — งานหนักและงานอันตรายห้ามใช้,in stock,new,230.00 THB,https://www.lucernapro.com/swiftset,https://www.lucernapro.com/img/feed/swiftset.jpg,LucernaPro,100
thermaglaze,ThermaGlaze,"ThermaGlaze สีทาพื้นคอนกรีตระบบ Thermoplastic ส่วนผสมเดียว ไม่ต้องชั่ง ไม่ต้องผสม เปิดฝาทาได้เลย ยึดเกาะพื้นปูนแน่นมาก ใช้ได้ทั้งภายในและภายนอก กลางแจ้งไม่เหลือง มีทั้งแบบสี (เทาอ่อน เทาเข้ม ดำ) และแบบใส ขนาด 1 กก. 650 บาท ถึง 15 กก. 3,960 บาท พร้อมบอกตรงๆ ว่ากลิ่นแรง และพื้นแบบไหนที่ทาแล้วยังไงก็หลุด | ขนาดและราคา: 1 กก. 650.- · 2.5 กก. 1,440.- · 5 กก. 2,590.- · 15 กก. 3,960.-",in stock,new,650.00 THB,https://www.lucernapro.com/thermaglaze,https://www.lucernapro.com/img/feed/thermaglaze.jpg,LucernaPro,100
tilecoatpoly,TileCoat Polyurea,"TileCoat Polyurea สีทากระเบื้องกันซึมตัวจริง — ซ่อมห้องน้ำรั่วซึมโดยไม่ต้องรื้อกระเบื้อง ยึดเกาะบนกระเบื้องเคลือบ กันซึมในตัว ทำเองได้ พัฒนาสูตรนาน 6 ปี สินค้าตัวแรกของ LucernaPro ปรึกษาฟรีทางแชทเพจ | ขนาดและราคา: 0.5 kg 1,190.- · 1 kg 1,910.- · 1.5 kg 2,760.-",in stock,new,1190.00 THB,https://www.lucernapro.com/tilecoatpoly,https://www.lucernapro.com/img/feed/tilecoatpoly.jpg,LucernaPro,100
